<?xml version="1.0" encoding="utf-8"?>
<demos><!--This is an autogenerated file, please do not modify-->
   <name>MFeval</name>
   <type>toolbox</type>
   <icon>HelpIcon.DEMOS</icon>
   <website/>
   <description>MFeval (Magic Formula evaluation) has been created to provide a robust way to evaluate Magic Formul tyre models.
The toolbox contains the function with the same name (mfeval.m) used to evaluate tyre property files with the Magic Formula 5.2, 6.1 or 6.2 equations. A tyre property file (.tir) contains the magic formula parameters that define the tyre's force and moment characteristics.</description>
   <demosection>
      <label>examples</label>
      <demoitem>
         <label>fittingExample</label>
         <type>other</type>
         <source>fittingExample</source>
         <file>doc/examples/html/fittingExample.html</file>
      </demoitem>
      <demoitem>
         <label>usingCoefficientCheck</label>
         <type>other</type>
         <source>usingCoefficientCheck</source>
         <file>doc/examples/html/usingCoefficientCheck.html</file>
      </demoitem>
      <demoitem>
         <label>usingMFeval</label>
         <type>other</type>
         <source>usingMFeval</source>
         <file>doc/examples/html/usingMFeval.html</file>
      </demoitem>
      <demoitem>
         <label>usingReadTIR</label>
         <type>other</type>
         <source>usingReadTIR</source>
         <file>doc/examples/html/usingReadTIR.html</file>
      </demoitem>
   </demosection>
</demos>