<?xml version='1.0' encoding='ISO-8859-1' ?>
<toc version="1.0">
    <tocitem target="index.html">MFeval
	
        <tocitem target="gettingStarted.html">Getting Started
			<tocitem target="whatIsMFeval.html">What is MFeval?</tocitem>
			<tocitem target="installation.html">Installation</tocitem>
		</tocitem>
		
		<tocitem target="userGuides.html">User Guides
			<tocitem target="\examples\html\usingMFeval.html">Using mfeval</tocitem>
			<tocitem target="\examples\html\usingReadTIR.html">Using mfeval.readTIR</tocitem>
			<tocitem target="\examples\html\usingCoefficientCheck.html">Using mfeval.coefficientCheck</tocitem>
			<tocitem target="simulinkCPI.html">Using Simulink CPI interface</tocitem>
			<tocitem target="simulinkSTI.html">Using Simulink STI interface</tocitem>
		</tocitem>
		
		<tocitem target="developerGuides.html">Developer Guides
			<tocitem target="equationSource.html">Equations source</tocitem>
			<tocitem target="changesEquations.html">Changes in the equations</tocitem>
			<tocitem target="\examples\html\fittingExample.html">How to fit a model using mfeval</tocitem>
		</tocitem>
		
		<tocitem target="support.html">Support</tocitem>
		
		<tocitem target="releaseNotes.html">Release Notes</tocitem>
		
    </tocitem>
</toc>